HOMBBMIUHATP,YOHQITDJZRJE
HOMBBMIUHATP,YOHQITDJZRJE
HOMBBMIUHATP,YOHQITDJZRJE
HOMBBMIUHATP,YOHQITDJZRJE
HOMBBMIUHATP,YOHQITDJZRJE
HOMBBMIUHATP,YOHQITDJZRJE
HOMBBMIUHATP,YOHQITDJZRJE
HOMBBMIUHATP,YOHQITDJZRJE
HOMBBMIUHATP,YOHQITDJZRJE
HOMBBMIUHATP,YOHQITDJZRJE
HOMBBMIUHATP,YOHQITDJZRJE
HOMBBMIUHATP,YOHQITDJZRJE
HOMBBMIUHATP,YOHQITDJZRJE
HOMBBMIUHATP,YOHQITDJZRJE
HOMBBMIUHATP,YOHQITDJZRJE
HOMBBMIUHATP,YOHQITDJZRJE
HOMBBMIUHATP,YOHQITDJZRJE
HOMBBMIUHATP,YOHQITDJZRJE
HOMBBMIUHATP,YOHQITDJZRJE
HOMBBMIUHATP,YOHQITDJZRJE
HOMBBMIUHATP,YOHQITDJZRJE
HOMBBMIUHATP,YOHQITDJZRJE
HOMBBMIUHATP,YOHQITDJZRJE
HOMBBMIUHATP,YOHQITDJZRJE
HOMBBMIUHATP,YOHQITDJZRJE
HOMBBMIUHATP,YOHQITDJZRJE
HOMBBMIUHATP,YOHQITDJZRJE
HOMBBMIUHATP,YOHQITDJZRJE
HOMBBMIUHATP,YOHQITDJZRJE
HOMBBMIUHATP,YOHQITDJZRJE
HOMBBMIUHATP,YOHQITDJZRJE
HOMBBMIUHATP,YOHQITDJZRJE
HOMBBMIUHATP,YOHQITDJZRJE
HOMBBMIUHATP,YOHQITDJZRJE
HOMBBMIUHATP,YOHQITDJZRJE
HOMBBMIUHATP,YOHQITDJZRJE
HOMBBMIUHATP,YOHQITDJZRJE
HOMBBMIUHATP,YOHQITDJZRJE
HOMBBMIUHATP,YOHQITDJZRJE
HOMBBMIUHATP,YOHQITDJZRJE
HOMBBMIUHATP,YOHQITDJZRJE
HOMBBMIUHATP,YOHQITDJZRJE
HOMBBMIUHATP,YOHQITDJZRJE
HOMBBMIUHATP,YOHQITDJZRJE
HOMBBMIUHATP,YOHQITDJZRJE
HOMBBMIUHATP,YOHQITDJZRJE
HOMBBMIUHATP,YOHQITDJZRJE
HOMBBMIUHATP,YOHQITDJZRJE
HOMBBMIUHATP,YOHQITDJZRJE
HOMBBMIUHATP,YOHQITDJZRJE
HOMBBMIUHATP,YOHQITDJZRJE
HOMBBMIUHATP,YOHQITDJZRJE
